"0","library(tidyverse)"
"2","Registered S3 methods overwritten by 'dbplyr':
  method         from
  print.tbl_lazy     
  print.tbl_sql      
"
"2","[37m-- [1mAttaching packages[22m ------------------------- tidyverse 1.3.1 --[39m
"
"2","[37m[32mv[37m [34mggplot2[37m 3.3.5     [32mv[37m [34mpurrr  [37m 0.3.4
[32mv[37m [34mtibble [37m 3.1.4     [32mv[37m [34mdplyr  [37m 1.0.7
[32mv[37m [34mtidyr  [37m 1.1.3     [32mv[37m [34mstringr[37m 1.4.0
[32mv[37m [34mreadr  [37m 2.0.1     [32mv[37m [34mforcats[37m 0.5.1[39m
"
"2","[37m-- [1mConflicts[22m ---------------------------- tidyverse_conflicts() --
[31mx[37m [34mdplyr[37m::[32mfilter()[37m masks [34mstats[37m::filter()
[31mx[37m [34mdplyr[37m::[32mlag()[37m    masks [34mstats[37m::lag()[39m
"
"0","library(DESeq2)"
"2","Loading required package: S4Vectors
"
"2","Loading required package: stats4
"
"2","Loading required package: BiocGenerics
"
"2","Loading required package: parallel
"
"2","
Attaching package: â€˜BiocGenericsâ€™

"
"2","The following objects are masked from â€˜package:parallelâ€™:

    clusterApply, clusterApplyLB, clusterCall,
    clusterEvalQ, clusterExport, clusterMap, parApply,
    parCapply, parLapply, parLapplyLB, parRapply,
    parSapply, parSapplyLB

"
"2","The following objects are masked from â€˜package:dplyrâ€™:

    combine, intersect, setdiff, union

"
"2","The following objects are masked from â€˜package:statsâ€™:

    IQR, mad, sd, var, xtabs

"
"2","The following objects are masked from â€˜package:baseâ€™:

    anyDuplicated, append, as.data.frame, basename, cbind,
    colnames, dirname, do.call, duplicated, eval, evalq,
    Filter, Find, get, grep, grepl, intersect,
    is.unsorted, lapply, Map, mapply, match, mget, order,
    paste, pmax, pmax.int, pmin, pmin.int, Position, rank,
    rbind, Reduce, rownames, sapply, setdiff, sort, table,
    tapply, union, unique, unsplit, which.max, which.min

"
"2","
Attaching package: â€˜S4Vectorsâ€™

"
"2","The following objects are masked from â€˜package:dplyrâ€™:

    first, rename

"
"2","The following object is masked from â€˜package:tidyrâ€™:

    expand

"
"2","The following objects are masked from â€˜package:baseâ€™:

    expand.grid, I, unname

"
"2","Loading required package: IRanges
"
"2","
Attaching package: â€˜IRangesâ€™

"
"2","The following objects are masked from â€˜package:dplyrâ€™:

    collapse, desc, slice

"
"2","The following object is masked from â€˜package:purrrâ€™:

    reduce

"
"2","The following object is masked from â€˜package:grDevicesâ€™:

    windows

"
"2","Loading required package: GenomicRanges
"
"2","Loading required package: GenomeInfoDb
"
"2","Loading required package: SummarizedExperiment
"
"2","Loading required package: MatrixGenerics
"
"2","Loading required package: matrixStats
"
"2","
Attaching package: â€˜matrixStatsâ€™

"
"2","The following object is masked from â€˜package:dplyrâ€™:

    count

"
"2","
Attaching package: â€˜MatrixGenericsâ€™

"
"2","The following objects are masked from â€˜package:matrixStatsâ€™:

    colAlls, colAnyNAs, colAnys, colAvgsPerRowSet,
    colCollapse, colCounts, colCummaxs, colCummins,
    colCumprods, colCumsums, colDiffs, colIQRDiffs,
    colIQRs, colLogSumExps, colMadDiffs, colMads, colMaxs,
    colMeans2, colMedians, colMins, colOrderStats,
    colProds, colQuantiles, colRanges, colRanks,
    colSdDiffs, colSds, colSums2, colTabulates,
    colVarDiffs, colVars, colWeightedMads,
    colWeightedMeans, colWeightedMedians, colWeightedSds,
    colWeightedVars, rowAlls, rowAnyNAs, rowAnys,
    rowAvgsPerColSet, rowCollapse, rowCounts, rowCummaxs,
    rowCummins, rowCumprods, rowCumsums, rowDiffs,
    rowIQRDiffs, rowIQRs, rowLogSumExps, rowMadDiffs,
    rowMads, rowMaxs, rowMeans2, rowMedians, rowMins,
    rowOrderStats, rowProds, rowQuantiles, rowRanges,
    rowRanks, rowSdDiffs, rowSds, rowSums2, rowTabulates,
    rowVarDiffs, rowVars, rowWeightedMads,
    rowWeightedMeans, rowWeightedMedians, rowWeightedSds,
    rowWeightedVars

"
"2","Loading required package: Biobase
"
"2","Welcome to Bioconductor

    Vignettes contain introductory material; view with
    'browseVignettes()'. To cite Bioconductor, see
    'citation(""Biobase"")', and for packages
    'citation(""pkgname"")'.

"
"2","
Attaching package: â€˜Biobaseâ€™

"
"2","The following object is masked from â€˜package:MatrixGenericsâ€™:

    rowMedians

"
"2","The following objects are masked from â€˜package:matrixStatsâ€™:

    anyMissing, rowMedians

"
